{
    "name": "CubeGeometry",
    "vertices": [0.5,-0.275,-0.275,0.275,-0.5,-0.275,0.275,-0.275,-0.5,0.469941,-0.387352,-0.275,0.469941,-0.275,-0.387352,0.440742,-0.382598,-0.382598,0.275,-0.469941,-0.387352,0.387352,-0.469941,-0.275,0.382598,-0.440742,-0.382598,0.387352,-0.275,-0.469941,0.275,-0.387352,-0.469941,0.382598,-0.382598,-0.440742,0.5,-0.275,0.275,0.275,-0.275,0.5,0.275,-0.5,0.275,0.469941,-0.275,0.387352,0.469941,-0.387352,0.275,0.440742,-0.382598,0.382598,0.275,-0.387352,0.469941,0.387352,-0.275,0.469941,0.382598,-0.382598,0.440742,0.387352,-0.469941,0.275,0.275,-0.469941,0.387352,0.382598,-0.440742,0.382598,-0.275,-0.275,0.5,-0.5,-0.275,0.275,-0.275,-0.5,0.275,-0.387352,-0.275,0.469941,-0.275,-0.387352,0.469941,-0.382598,-0.382598,0.440742,-0.469941,-0.387352,0.275,-0.469941,-0.275,0.387352,-0.440742,-0.382598,0.382598,-0.275,-0.469941,0.387352,-0.387352,-0.469941,0.275,-0.382598,-0.440742,0.382598,-0.275,-0.275,-0.5,-0.275,-0.5,-0.275,-0.5,-0.275,-0.275,-0.275,-0.387352,-0.469941,-0.387352,-0.275,-0.469941,-0.382597,-0.382598,-0.440742,-0.387352,-0.469941,-0.275,-0.275,-0.469941,-0.387352,-0.382597,-0.440742,-0.382598,-0.469941,-0.275,-0.387353,-0.469941,-0.387352,-0.275,-0.440742,-0.382598,-0.382598,0.275,0.275,-0.5,0.275,0.5,-0.275,0.5,0.275,-0.275,0.275,0.387352,-0.469941,0.387353,0.275,-0.469941,0.382598,0.382598,-0.440742,0.387353,0.469941,-0.275,0.275,0.469941,-0.387352,0.382598,0.440742,-0.382597,0.469941,0.275,-0.387352,0.469941,0.387352,-0.275,0.440742,0.382598,-0.382597,0.275,0.275,0.5,0.5,0.275,0.275,0.275,0.5,0.275,0.387352,0.275,0.469941,0.275,0.387352,0.469941,0.382597,0.382598,0.440742,0.469941,0.387352,0.275,0.469941,0.275,0.387353,0.440742,0.382598,0.382598,0.275,0.469941,0.387353,0.387352,0.469941,0.275,0.382597,0.440742,0.382598,-0.5,0.275,0.275,-0.275,0.275,0.5,-0.275,0.5,0.275,-0.469941,0.275,0.387352,-0.469941,0.387352,0.275,-0.440742,0.382598,0.382597,-0.275,0.387352,0.469941,-0.387353,0.275,0.469941,-0.382598,0.382598,0.440742,-0.387353,0.469941,0.275,-0.275,0.469941,0.387352,-0.382598,0.440742,0.382598,-0.5,0.275,-0.275,-0.275,0.5,-0.275,-0.275,0.275,-0.5,-0.469941,0.387352,-0.275,-0.469941,0.275,-0.387352,-0.440742,0.382598,-0.382598,-0.275,0.469941,-0.387352,-0.387352,0.469941,-0.275,-0.382598,0.440742,-0.382598,-0.387352,0.275,-0.469941,-0.275,0.387352,-0.469941,-0.382598,0.382598,-0.440742],
    "normals": [0.129582,0.129582,-0.983062,0.129582,-0.129582,-0.983062,-0.129582,-0.129582,-0.983062,-0.129582,0.129582,-0.983062,0.129582,-0.129582,0.983062,0.129582,0.129582,0.983062,-0.129582,0.129582,0.983062,-0.129582,-0.129582,0.983062,-0.983062,-0.129582,0.129582,-0.983062,0.129582,0.129582,-0.983062,0.129582,-0.129582,-0.983062,-0.129582,-0.129582,0.129582,0.983062,-0.129582,-0.129582,0.983062,-0.129582,-0.129582,0.983062,0.129582,0.129582,0.983062,0.129582,0.983062,-0.129582,-0.129582,0.983062,0.129582,-0.129582,0.983062,0.129582,0.129582,0.983062,-0.129582,0.129582,0.8623,-0.491531,-0.121555,0.774438,-0.44734,-0.44734,0.8623,-0.121555,-0.491531,0.491531,-0.8623,-0.121555,0.44734,-0.774438,-0.44734,0.129582,-0.983062,-0.129582,0.121555,-0.8623,-0.491531,0.121555,-0.491531,-0.8623,0.44734,-0.44734,-0.774438,0.491531,-0.121555,-0.8623,0.8623,-0.121555,0.491531,0.774438,-0.44734,0.44734,0.8623,-0.491531,0.121555,0.491531,-0.121555,0.8623,0.44734,-0.44734,0.774438,0.121555,-0.491531,0.8623,0.121555,-0.8623,0.491531,0.44734,-0.774438,0.44734,0.129582,-0.983062,0.129582,0.491531,-0.8623,0.121555,-0.491531,-0.121555,0.8623,-0.44734,-0.44734,0.774438,-0.121555,-0.491531,0.8623,-0.8623,-0.121555,0.491531,-0.774438,-0.44734,0.44734,-0.8623,-0.491531,0.121555,-0.491531,-0.8623,0.121555,-0.44734,-0.774438,0.44734,-0.129582,-0.983062,0.129582,-0.121555,-0.8623,0.491531,-0.121555,-0.491531,-0.8623,-0.44734,-0.44734,-0.774438,-0.491531,-0.121555,-0.8623,-0.121555,-0.8623,-0.491531,-0.44734,-0.774438,-0.44734,-0.129582,-0.983062,-0.129582,-0.491531,-0.8623,-0.121555,-0.8623,-0.491531,-0.121555,-0.774438,-0.44734,-0.44734,-0.8623,-0.121555,-0.491531,0.121555,0.491531,-0.8623,0.44734,0.44734,-0.774438,0.491531,0.121555,-0.8623,0.121555,0.8623,-0.491531,0.44734,0.774438,-0.44734,0.491531,0.8623,-0.121555,0.8623,0.491531,-0.121555,0.774438,0.44734,-0.44734,0.8623,0.121555,-0.491531,0.491531,0.121555,0.8623,0.44734,0.44734,0.774438,0.121555,0.491531,0.8623,0.8623,0.121555,0.491531,0.774438,0.44734,0.44734,0.8623,0.491531,0.121555,0.491531,0.8623,0.121555,0.44734,0.774438,0.44734,0.121555,0.8623,0.491531,-0.8623,0.121555,0.491531,-0.774438,0.44734,0.44734,-0.8623,0.491531,0.121555,-0.491531,0.121555,0.8623,-0.44734,0.44734,0.774438,-0.121555,0.491531,0.8623,-0.121555,0.8623,0.491531,-0.44734,0.774438,0.44734,-0.491531,0.8623,0.121555,-0.8623,0.491531,-0.121555,-0.774438,0.44734,-0.44734,-0.8623,0.121555,-0.491531,-0.491531,0.8623,-0.121555,-0.44734,0.774438,-0.44734,-0.121555,0.8623,-0.491531,-0.121555,0.491531,-0.8623,-0.44734,0.44734,-0.774438,-0.491531,0.121555,-0.8623],
    "metadata": {
        "type": "Geometry",
        "vertices": 96,
        "generator": "io_three",
        "uvs": 1,
        "version": 3,
        "faces": 98,
        "normals": 96
    },
    "uvs": [[0.775,0.775,0.775,0.225,0.225,0.225,0.225,0.775,0.775,0.225,0.775,0.775,0.225,0.775,0.225,0.225,0.225,0.225,0.225,0.775,0.775,0.775,0.775,0.225,0.775,0.775,0.225,0.775,0.225,0.225,0.775,0.225,0.775,0.225,0.775,0.775,0.225,0.775,0.225,0.225,0.775,0.112648,0.882598,0.117402,0.887352,0.225,0.775,0.030059,0.882598,0.059258,0.775,0.775,0.775,0.887352,0.882598,0.882598,0.887352,0.775,0.775,0.030059,0.775,0.112648,0.882598,0.117402,0.882598,0.059258,0.887352,0.225,0.969941,0.225,0.940742,0.117402,0.940742,0.882598,0.882598,0.940742,0.112648,0.225,0.117402,0.117402,0.225,0.112648,0.030059,0.225,0.059258,0.117402,0.887352,0.225,0.775,0.030059,0.775,0.112648,0.882598,0.117402,0.882598,0.059258,0.775,0.225,0.887352,0.225,0.225,0.030059,0.117402,0.059258,0.112648,0.225,0.117402,0.117402,0.225,0.112648,0.030059,0.225,0.112648,0.225,0.117402,0.117402,0.059258,0.117402,0.225,0.112648,0.225,0.030059,0.117402,0.059258,0.225,0.225,0.225,0.112648,0.117402,0.117402,0.112648,0.225,0.225,0.030059,0.117402,0.059258,0.059258,0.117402,0.225,0.112648,0.117403,0.117402,0.112648,0.225,0.225,0.969941,0.225,0.887353,0.117403,0.882598,0.117403,0.940742,0.225,0.775,0.112648,0.775,0.775,0.030059,0.775,0.112648,0.882598,0.117402,0.882598,0.059258,0.887353,0.225,0.030059,0.225,0.059258,0.117402,0.940742,0.117402,0.775,0.887352,0.882598,0.882598,0.887353,0.775,0.775,0.969941,0.775,0.887352,0.882598,0.882597,0.882598,0.940742,0.887353,0.775,0.775,0.969941,0.775,0.887352,0.882597,0.882598,0.882597,0.940742,0.887352,0.775,0.969941,0.775,0.940742,0.882598,0.882597,0.882598,0.775,0.887352,0.969941,0.775,0.225,0.887352,0.117402,0.882598,0.112647,0.775,0.969941,0.225,0.887352,0.225,0.882597,0.117402,0.940742,0.117402,0.775,0.112647,0.775,0.969941,0.882597,0.940742,0.112648,0.775,0.117403,0.882598,0.225,0.887352,0.030059,0.775,0.059258,0.882598,0.225,0.887352,0.117402,0.882598,0.112647,0.775,0.225,0.969941,0.117402,0.940742,0.112647,0.225,0.117402,0.117402,0.225,0.112648,0.225,0.969941,0.117402,0.940742,0.775,0.887352,0.882598,0.882598,0.887352,0.775,0.030059,0.775,0.112648,0.775,0.117402,0.882598,0.059258,0.882598,0.225,0.887352,0.225,0.969941,0.117402,0.940742,0.112648,0.775,0.117402,0.882598,0.225,0.887352,0.030059,0.775,0.117402,0.940742,0.775,0.969941,0.969941,0.775,0.030059,0.225]],