{
    "name": "CubeGeometry.2",
    "vertices": [0.5,0.5,0.5,-0.5,0.5,0.5,-0.5,0.5,-0.5,0.5,0.5,0.5,-0.5,0.5,-0.5,0.480785,0.5,0.30491,0.423879,0.5,0.117317,0.33147,0.5,-0.05557,0.207107,0.5,-0.207107,0.05557,0.5,-0.33147,-0.117316,0.5,-0.423879,-0.30491,0.5,-0.480785],
    "normals": [0,1,0,0,0.999969,0],
    "metadata": {
        "type": "Geometry",
        "vertices": 12,
        "generator": "io_three",
        "uvs": 1,
        "version": 3,
        "faces": 10,
        "normals": 2
    },
    "uvs": [[1,0.001607,0.981055,0.196384,0.924947,0.383676,0.833832,0.556284,0.711213,0.707577,0.5618,0.83174,0.391337,0.924002,0.206373,0.980816,0.014018,1,0.014018,1,0.014017,0.001608,1,0.001607]],
    "faces": [40,3,1,0,0,10,11,0,0,0,40,4,2,1,8,9,10,0,1,0,40,10,11,4,6,7,8,0,0,0,40,8,9,10,4,5,6,1,1,0,40,6,7,8,2,3,4,0,1,1,40,3,5,6,0,1,2,0,0,0,40,3,4,1,0,8,10,0,0,0,40,8,10,4,4,6,8,1,0,0,40,3,6,8,0,2,4,0,0,1,40,3,8,4,0,4,8,0,1,0]
}