{
    "name": "CubeGeometry",
    "vertices": [0.5,-0.5,0.5,-0.5,-0.5,0.5,-0.5,-0.5,-0.5,0.5,0.5,0.5,-0.5,0.5,0.5,-0.5,0.5,-0.5,-0.5,-0.5,-0.5,0.5,-0.5,0.5,-0.30491,-0.5,-0.480785,-0.117317,-0.5,-0.42388,0.05557,-0.5,-0.33147,0.207107,-0.5,-0.207107,0.33147,-0.5,-0.05557,0.42388,-0.5,0.117317,0.480785,-0.5,0.30491,0.5,0.5,0.5,-0.5,0.5,-0.5,0.480785,0.5,0.30491,0.423879,0.5,0.117317,0.33147,0.5,-0.05557,0.207107,0.5,-0.207107,0.05557,0.5,-0.33147,-0.117316,0.5,-0.423879,-0.30491,0.5,-0.480785],
    "normals": [0.049043,0,-0.998779,0.049043,-0.031251,-0.998291,-0.577349,-0.577349,-0.577349,-0.707083,0,-0.707083,0,-0.999969,0,-0.705405,-0.220435,0.673605,-0.707083,0,0.707083,-0.577349,-0.577349,0.577349,0.556658,-0.559343,-0.614185,0.671529,0,-0.740928,0.195074,0,-0.980773,0.142003,-0.68569,-0.713889,0.382672,0,-0.923856,0.278542,-0.68569,-0.672475,0.555559,0,-0.831446,0.40437,-0.68569,-0.605213,0.707083,0,-0.707083,0.514664,-0.68569,-0.514664,0.831446,0,-0.555559,0.605213,-0.68569,-0.40437,0.923856,0,-0.382672,0.672475,-0.68569,-0.278542,0.980773,0,-0.195074,0.713889,-0.68569,-0.142003],
    "metadata": {
        "type": "Geometry",
        "vertices": 24,
        "generator": "io_three",
        "uvs": 1,
        "version": 3,
        "faces": 22,
        "normals": 24
    },
    "uvs": [[0,0,1,0,1,1,0,1,-0,0,1,1,0,1,0,0,1,0,1,0.439658,1,0,0.015625,0.00961,1,0.00961,1,0.133409,0.015625,0.133409,1,0.257207,0.015625,0.257207,1,0.381006,0.015625,0.381006,1,0.504805,0.015625,0.504805,1,0.628604,0.015625,0.628604,1,0.752403,0.015625,0.752403,1,0.876201,0.015625,0.876201,1,1,0.015625,1,0.5,0.879317,0.509607,0.793544,0.53806,0.711067,0.584265,0.635056,0.646447,0.568431,0.722215,0.513754,0.808658,0.473125,0.902455,0.448106,1,0.439658,1,0.879317,0.5,0.879317]],
    "faces": [41,16,6,2,5,0,0,0,0,0,1,2,3,41,0,3,4,1,1,2,3,4,4,5,6,7,41,1,4,5,2,5,6,7,8,7,6,3,2,41,3,0,7,15,10,9,9,10,5,4,8,9,41,6,16,23,8,11,12,13,14,1,0,10,11,41,8,23,22,9,14,13,15,16,11,10,12,13,41,9,22,21,10,16,15,17,18,13,12,14,15,41,10,21,20,11,18,17,19,20,15,14,16,17,41,11,20,19,12,20,19,21,22,17,16,18,19,41,12,19,18,13,22,21,23,24,19,18,20,21,41,13,18,17,14,24,23,25,26,21,20,22,23,41,14,17,15,7,26,25,27,28,23,22,9,8,40,0,1,2,37,38,39,4,7,2,40,6,8,9,29,30,31,1,11,13,40,7,0,2,37,37,39,8,4,2,40,6,9,10,29,31,32,1,13,15,40,14,7,2,36,37,39,23,8,2,40,6,10,11,29,32,33,1,15,17,40,13,14,2,35,36,39,21,23,2,40,6,11,12,29,33,34,1,17,19,40,12,13,2,34,35,39,19,21,2,40,6,12,2,29,34,39,1,19,2]
}