{
    "name": "CubeGeometry.4",
    "vertices": [0.5,-0.25125,-0.335,0.335,-0.41625,-0.335,0.335,-0.25125,-0.5,0.5,-0.25125,0.335,0.335,-0.25125,0.5,0.335,-0.41625,0.335,-0.335,-0.25125,0.5,-0.5,-0.25125,0.335,-0.335,-0.41625,0.335,-0.335,-0.25125,-0.5,-0.335,-0.41625,-0.335,-0.5,-0.25125,-0.335,0.335,0.41875,-0.5,0.5,0.41875,-0.335,0.335,0.41875,0.5,0.5,0.41875,0.335,-0.5,0.41875,0.335,-0.335,0.41875,0.5,-0.5,0.41875,-0.335,-0.335,0.41875,-0.5,0.335,0.41875,-0.5,0.335,0.58375,-0.335,0.5,0.41875,-0.335,0.335,0.41875,0.5,0.5,0.41875,0.335,0.335,0.58375,0.335,-0.5,0.41875,0.335,-0.335,0.41875,0.5,-0.335,0.58375,0.335,-0.5,0.41875,-0.335,-0.335,0.58375,-0.335,-0.335,0.41875,-0.5],
    "normals": [0.382672,0,-0.923856,0.341563,-0.341563,-0.875576,-0.341563,-0.341563,-0.875576,-0.382672,0,-0.923856,0.341563,-0.341563,0.875576,0.382672,0,0.923856,-0.382672,0,0.923856,-0.341563,-0.341563,0.875576,-0.875576,-0.341563,0.341563,-0.923856,0,0.382672,-0.923856,0,-0.382672,-0.875576,-0.341563,-0.341563,0.875576,-0.341563,-0.341563,0.923856,0,-0.382672,0.923856,0,0.382672,0.875576,-0.341563,0.341563,0.341563,-0.875576,-0.341563,0.341563,-0.875576,0.341563,-0.341563,-0.875576,0.341563,-0.341563,-0.875576,-0.341563,0.341563,0.875576,-0.341563,-0.341563,0.875576,-0.341563,-0.341563,0.875576,0.341563,0.341563,0.875576,0.341563,0.241829,0.686117,-0.686117,0.686117,0.686117,-0.241829,0.241829,0.686117,0.686117,0.686117,0.686117,0.241829,-0.686117,0.686117,0.241829,-0.241829,0.686117,0.686117,-0.686117,0.686117,-0.241829,-0.241829,0.686117,-0.686117],
    "metadata": {
        "type": "Geometry",
        "vertices": 32,
        "generator": "io_three",
        "uvs": 1,
        "version": 3,
        "faces": 26,
        "normals": 32
    },
    "uvs": [[1,0,1,1,0,1,0,0,0,1,0,0,1,0,1,1,0,1,0,0,1,0,1,1,0,0,1,1,0.238942,0.851751,0.238941,0.186312,0.81523,0.519031,0.25469,0.837223,0.830977,0.504503,0.25469,0.171784,0.245505,0.86628,0.245504,0.20084,0.821793,0.53356,0.262872,0.206516,0.83916,0.539236,0.262872,0.871956,-0,0,1,-0,1,1,-0,1,1,1,-0,1,-0,1e-06,1,-0,1e-06,1,0,-0,1,-0,0.999999,1,0,1e-06,1,0,1,0.999999,0,1,1,0,0.999999,1,1e-06,1,1e-06,0,0,-0,1,0,1,1,0,0.999999,0,0,0.999999,1,0.999999,1,1e-06,1,1e-06,0,1,1,0,0,-0,0,1,0,1,1,0,1,0.830978,0.53356,0.25469,0.866281,0.25469,0.20084,0.24726,0.858923,0.236279,0.193574,0.817979,0.516739,0.821004,0.533347,0.251561,0.877652,0.238106,0.212348,0.255909,0.204987,0.830604,0.54045,0.252737,0.870419,0,0,1,1e-06,1,1,0,1,0,0,1,0,-0,1e-06,1,0,0,0.999999,1,1,0,1,0,-0,1,-0]],
    "faces": [41,12,2,9,19,0,1,2,3,0,1,2,3,41,4,14,17,6,4,5,6,7,4,5,6,7,41,7,16,18,11,8,9,10,11,8,9,10,11,41,0,13,15,3,4,12,0,13,12,13,14,15,40,0,1,2,14,15,16,12,16,1,40,3,4,5,17,18,19,15,4,17,40,6,7,8,20,21,22,7,8,18,40,9,10,11,23,24,25,2,19,11,41,0,3,5,1,26,27,28,29,12,15,17,16,41,1,10,9,2,30,31,32,33,16,19,2,1,41,13,0,2,12,36,37,34,35,13,12,1,0,41,4,6,8,5,38,39,40,41,4,7,18,17,41,3,15,14,4,42,43,44,45,15,14,5,4,41,7,11,10,8,46,47,48,49,8,11,19,18,41,6,17,16,7,4,50,0,51,7,6,9,8,41,11,18,19,9,47,52,53,54,11,10,3,2,41,1,5,8,10,55,41,56,0,16,17,18,19,41,21,30,28,25,57,58,59,60,20,21,22,23,40,20,21,22,61,62,63,24,20,25,40,23,24,25,64,65,66,26,27,23,40,26,27,28,67,68,69,28,29,22,40,29,30,31,70,71,72,30,21,31,41,21,25,24,22,48,4,73,74,20,23,27,25,41,20,31,30,21,75,76,77,78,24,31,21,20,41,25,28,27,23,79,80,28,81,23,22,29,26,41,28,30,29,26,82,83,84,85,22,21,30,28]
}