{
    "metadata": {
        "generator": "io_three",
        "vertices": 58,
        "normals": 58,
        "type": "Geometry",
        "faces": 64,
        "uvs": 1,
        "version": 3
    },
    "vertices": [-0.191342,0.46194,-0,-0.353553,0.353553,-0,-0.46194,0.191342,-0,-0.5,-0,0,-0.46194,-0.191342,0,-0.353553,-0.353553,0,-0.191342,-0.46194,0,-0.135299,0.46194,-0.135299,-0.25,0.353553,-0.25,-0.326641,0.191342,-0.326641,-0.353553,-0,-0.353553,-0.326641,-0.191342,-0.326641,-0.25,-0.353553,-0.25,-0.135299,-0.46194,-0.135299,-0,0.46194,-0.191342,-0,0.353553,-0.353553,-0,0.191342,-0.46194,-0,-0,-0.5,-0,-0.191342,-0.46194,-0,-0.353553,-0.353553,-0,-0.46194,-0.191342,-0,0.5,0,0.135299,0.46194,-0.135299,0.25,0.353553,-0.25,0.326641,0.191342,-0.326641,0.353553,-0,-0.353553,0.326641,-0.191342,-0.326641,0.25,-0.353553,-0.25,0.135299,-0.46194,-0.135299,-0,-0.5,0,0.191342,0.46194,-0,0.353553,0.353553,-0,0.46194,0.191342,-0,0.5,-0,-0,0.46194,-0.191342,-0,0.353553,-0.353553,0,0.191342,-0.46194,0,0.135299,0.46194,0.135299,0.25,0.353553,0.25,0.326641,0.191342,0.326641,0.353553,-0,0.353553,0.326641,-0.191342,0.326641,0.25,-0.353553,0.25,0.135299,-0.46194,0.135299,-0,0.46194,0.191342,-0,0.353553,0.353553,-0,0.191342,0.46194,-0,-0,0.5,-0,-0.191342,0.46194,-0,-0.353553,0.353553,-0,-0.46194,0.191342,-0.135299,0.46194,0.135299,-0.25,0.353553,0.25,-0.326641,0.191342,0.326641,-0.353553,-0,0.353553,-0.326641,-0.191342,0.326641,-0.25,-0.353553,0.25,-0.135299,-0.46194,0.135299],
    "normals": [-0.729606,-0.683828,0,-0.930296,-0.366771,0,-0.657796,-0.366771,-0.657796,-0.515915,-0.683828,-0.515915,-1,0,0,-0.930296,0.366771,0,-0.657796,0.366771,-0.657796,-0.707083,0,-0.707083,-0.729606,0.683828,0,-0.422559,0.906308,0,-0.298807,0.906308,-0.298807,-0.515915,0.683828,-0.515915,-0.422559,-0.906308,0,-0.298807,-0.906308,-0.298807,0,-0.683828,-0.729606,0,-0.906308,-0.422559,0,0,-1,0,-0.366771,-0.930296,0,0.683828,-0.729606,0,0.366771,-0.930296,0,0.906308,-0.422559,0.515915,0.683828,-0.515915,0.657796,0.366771,-0.657796,0.657796,-0.366771,-0.657796,0.515915,-0.683828,-0.515915,0.707083,0,-0.707083,0.298807,0.906308,-0.298807,0.298807,-0.906308,-0.298807,0.930296,-0.366771,0,0.729606,-0.683828,0,0.930296,0.366771,0,1,0,0,0.422559,0.906308,0,0.729606,0.683828,0,0.422559,-0.906308,0,0.298807,0.906308,0.298807,0.515915,0.683828,0.515915,0.515915,-0.683828,0.515915,0.298807,-0.906308,0.298807,0.707083,0,0.707083,0.657796,-0.366771,0.657796,0.657796,0.366771,0.657796,0,-0.683828,0.729606,0,-0.906308,0.422559,0,0,1,0,-0.366771,0.930296,0,0.683828,0.729606,0,0.366771,0.930296,0,0.906308,0.422559,-0.657796,-0.366771,0.657796,-0.515915,-0.683828,0.515915,-0.657796,0.366771,0.657796,-0.707083,0,0.707083,-0.298807,0.906308,0.298807,-0.515915,0.683828,0.515915,-0.298807,-0.906308,0.298807,0,1,0,0,-1,0],
    "faces": [41,5,4,11,12,0,1,2,3,0,1,2,3,41,3,2,9,10,4,5,6,7,4,5,6,7,41,1,0,7,8,8,9,10,11,8,9,10,11,41,6,5,12,13,12,13,14,15,12,0,3,13,41,4,3,10,11,1,4,7,2,1,4,7,2,41,2,1,8,9,5,16,17,6,5,8,11,6,41,13,12,19,20,15,14,18,19,13,3,14,15,41,11,10,17,18,20,21,22,23,2,7,16,17,41,9,8,15,16,24,25,26,27,6,11,18,19,41,12,11,18,19,14,28,29,18,3,2,17,14,41,10,9,16,17,21,24,27,22,7,6,19,16,41,8,7,14,15,11,10,30,31,11,10,20,18,41,16,15,23,24,27,26,32,33,19,18,21,22,41,19,18,26,27,34,23,35,36,14,17,23,24,41,17,16,24,25,22,27,33,37,16,19,22,25,41,15,14,22,23,31,30,38,39,18,20,26,21,41,20,19,27,28,19,18,40,41,15,14,24,27,41,18,17,25,26,23,22,37,35,17,16,25,23,41,27,26,34,35,42,43,44,45,24,23,28,29,41,25,24,32,33,37,33,46,47,25,22,30,31,41,23,22,30,31,39,38,48,49,21,26,32,33,41,28,27,35,36,41,40,50,51,27,24,29,34,41,26,25,33,34,43,52,53,44,23,25,31,28,41,24,23,31,32,33,32,54,46,22,21,33,30,41,31,30,37,38,49,48,55,56,33,32,35,36,41,36,35,42,43,57,45,58,59,34,29,37,38,41,34,33,40,41,44,53,60,61,28,31,39,40,41,32,31,38,39,62,63,64,65,30,33,36,41,41,35,34,41,42,45,44,61,58,29,28,40,37,41,33,32,39,40,53,62,65,60,31,30,41,39,41,43,42,49,50,66,67,68,69,38,37,42,43,41,41,40,47,48,61,60,70,71,40,39,44,45,41,39,38,45,46,72,73,74,75,41,36,46,47,41,42,41,48,49,58,61,71,76,37,40,45,42,41,40,39,46,47,77,72,75,78,39,41,47,44,41,38,37,44,45,56,55,79,80,36,35,48,46,41,49,48,55,56,81,82,83,84,42,45,49,50,41,47,46,53,54,78,75,85,86,44,47,51,52,41,45,44,51,52,80,79,87,88,46,48,53,54,41,50,49,56,57,69,68,89,90,43,42,50,55,41,48,47,54,55,82,78,86,83,45,44,52,49,41,46,45,52,53,75,74,91,85,47,46,54,51,40,0,21,7,9,92,10,9,56,10,40,29,6,13,93,12,15,57,12,13,40,7,21,14,10,92,30,10,56,20,40,29,13,20,93,15,19,57,13,15,40,14,21,22,30,92,38,20,56,26,40,29,20,28,93,19,41,57,15,27,40,29,28,36,93,41,51,57,27,34,40,22,21,30,38,92,48,26,56,32,40,30,21,37,48,92,55,32,56,35,40,29,36,43,93,51,66,57,34,38,40,37,21,44,55,92,79,35,56,48,40,29,43,50,93,66,69,57,38,43,40,44,21,51,79,92,87,48,56,53,40,29,50,57,93,69,90,57,43,55,41,56,55,4,5,89,94,95,13,50,49,1,0,41,54,53,2,3,86,85,96,97,52,51,5,4,41,0,1,52,51,9,8,88,87,9,8,54,53,41,57,56,5,6,90,89,13,12,55,50,0,12,41,55,54,3,4,83,86,97,98,49,52,4,1,41,53,52,1,2,85,91,99,96,51,54,8,5,40,51,21,0,87,92,9,53,56,9,40,29,57,6,93,90,12,57,55,12],
    "uvs": [[0.208483,0.017205,0.21269,0.032843,0.176826,0.032843,0.181033,0.017205,0.214168,0.052973,0.21269,0.074531,0.176826,0.074531,0.175348,0.052973,0.990981,0.497438,0.765717,0.499545,0.68789,0.311673,0.847176,0.150296,0.139638,0.174016,0.132303,0.191636,0.112985,0.170333,0.129184,0.162487,0.208483,0.094235,0.181033,0.094235,0.112985,0.140488,0.129184,0.146335,0.036167,0.115686,0.054977,0.11179,0.049947,0.141776,0.03152,0.14339,0.074329,0.115686,0.091276,0.126783,0.087719,0.147986,0.069682,0.14339,0.101278,0.176533,0.101278,0.137539,0.5,0.233854,0.5,0.006505,0.087719,0.177972,0.069682,0.182568,0.017205,0.147986,0.03152,0.182568,0.017205,0.177972,0.049947,0.184182,0.312109,0.311673,0.152824,0.150296,0.132303,0.119583,0.139638,0.135021,0.067023,0.017205,0.085835,0.023805,0.069835,0.04589,0.054777,0.034109,0.074329,0.210271,0.054977,0.214168,0.234283,0.499545,0.009019,0.497438,0.159623,0.119865,0.154424,0.135174,0.101278,0.037127,0.08396,0.061032,0.091276,0.199175,0.312109,0.687417,0.152824,0.84458,0.041079,0.027481,0.034142,0.053883,0.029911,0.038183,0.054777,0.088997,0.042874,0.071726,0.095001,0.077229,0.101278,0.092016,0.080642,0.11179,0.06804,0.103065,0.164878,0.146703,0.178941,0.141168,0.178941,0.171013,0.164878,0.162855,0.030825,0.10464,0.020745,0.086179,0.118225,0.115687,0.101278,0.10459,0.104834,0.083387,0.122872,0.087983,0.017205,0.064944,0.137576,0.119583,0.142606,0.089597,0.5,0.765236,0.5,0.988371,0.175348,0.083387,0.161034,0.087983,0.161034,0.048805,0.175348,0.053401,0.122872,0.048805,0.142606,0.047191,0.68789,0.687417,0.847176,0.84458,0.159623,0.191918,0.154424,0.174169,0.104834,0.053401,0.5,0.500285,0.147406,0.154189,0.162212,0.204735,0.126518,0.204367,0.118225,0.021102,0.137576,0.017205,0.156387,0.021102,0.101278,0.032198]],
    "name": "SphereGeometry.2"
}