{
    "normals":[0,0.746178,-0.6657,-0.285531,0.689383,-0.6657,-0.285531,0.689383,0.6657,0,0.746178,0.6657,-0.527635,0.527635,-0.6657,-0.527635,0.527635,0.6657,-0.689383,0.285531,-0.6657,-0.689383,0.285531,0.6657,-0.746178,0,-0.6657,-0.746178,0,0.6657,-0.689383,-0.285531,-0.6657,-0.689383,-0.285531,0.6657,-0.527635,-0.527635,-0.6657,-0.527635,-0.527635,0.6657,-0.285531,-0.689383,-0.6657,-0.285531,-0.689383,0.6657,0,-0.746178,-0.6657,0,-0.746178,0.6657,0.285531,-0.689383,-0.6657,0.285531,-0.689383,0.6657,0.527635,-0.527635,-0.6657,0.527635,-0.527635,0.6657,0.689383,-0.285531,-0.6657,0.689383,-0.285531,0.6657,0.746178,0,-0.6657,0.746178,0,0.6657,0.689383,0.285531,-0.6657,0.689383,0.285531,0.6657,0.527635,0.527635,-0.6657,0.527635,0.527635,0.6657,0.285531,0.689383,-0.6657,0.285531,0.689383,0.6657,0,-0.657125,-0.753746,0,-0.657125,0.753746,0.251473,-0.607105,0.753746,0.251473,-0.607105,-0.753746,0.464644,-0.464644,0.753746,0.464644,-0.464644,-0.753746,0.607105,-0.251473,0.753746,0.607105,-0.251473,-0.753746,0.657125,0,0.753746,0.657125,0,-0.753746,0.607105,0.251473,0.753746,0.607105,0.251473,-0.753746,0.464644,0.464644,0.753746,0.464644,0.464644,-0.753746,0.251473,0.607105,0.753746,0.251473,0.607105,-0.753746,0,0.657125,0.753746,0,0.657125,-0.753746,-0.251473,0.607105,0.753746,-0.251473,0.607105,-0.753746,-0.464644,0.464644,0.753746,-0.464644,0.464644,-0.753746,-0.607105,0.251473,0.753746,-0.607105,0.251473,-0.753746,-0.657125,0,0.753746,-0.657125,0,-0.753746,-0.607105,-0.251473,0.753746,-0.607105,-0.251473,-0.753746,-0.464644,-0.464644,0.753746,-0.464644,-0.464644,-0.753746,-0.251473,-0.607105,0.753746,-0.251473,-0.607105,-0.753746,0,-0,1,-0,0,1,-0,-0,-1,0,0,-1,0,0,1,0,0,1,-0,0,-1,0,-0,-1,-0,0,1,-0,-0,-1,-0,0,1,0,-0,-1,0,0,1,0,-0,-1,0,0,1,0,-0,-1],
    "name":"Cylinder.001Geometry",
    "faces":[33,0,2,3,1,0,1,2,3,33,2,4,5,3,1,4,5,2,33,4,6,7,5,4,6,7,5,33,6,8,9,7,6,8,9,7,33,8,10,11,9,8,10,11,9,33,10,12,13,11,10,12,13,11,33,12,14,15,13,12,14,15,13,33,14,16,17,15,14,16,17,15,33,16,18,19,17,16,18,19,17,33,18,20,21,19,18,20,21,19,33,20,22,23,21,20,22,23,21,33,22,24,25,23,22,24,25,23,33,24,26,27,25,24,26,27,25,33,26,28,29,27,26,28,29,27,33,28,30,31,29,28,30,31,29,33,30,0,1,31,30,0,3,31,33,32,33,35,34,32,33,34,35,33,34,35,37,36,35,34,36,37,33,36,37,39,38,37,36,38,39,33,38,39,41,40,39,38,40,41,33,40,41,43,42,41,40,42,43,33,42,43,45,44,43,42,44,45,33,44,45,47,46,45,44,46,47,33,46,47,49,48,47,46,48,49,33,48,49,51,50,49,48,50,51,33,50,51,53,52,51,50,52,53,33,52,53,55,54,53,52,54,55,33,54,55,57,56,55,54,56,57,33,56,57,59,58,57,56,58,59,33,58,59,61,60,59,58,60,61,33,60,61,63,62,61,60,62,63,33,62,63,33,32,63,62,33,32,33,1,3,35,33,64,64,64,64,33,19,21,53,51,65,65,65,65,33,12,10,42,44,66,66,66,66,33,30,28,60,62,67,67,67,67,33,11,13,45,43,68,68,68,68,33,29,31,63,61,69,69,69,69,33,4,2,34,36,70,70,70,70,33,22,20,52,54,71,71,71,71,33,3,5,37,35,72,72,72,72,33,21,23,55,53,65,65,65,65,33,14,12,44,46,73,73,73,73,33,0,30,62,32,67,67,67,67,33,13,15,47,45,68,68,68,68,33,31,1,33,63,64,64,64,64,33,6,4,36,38,70,70,70,70,33,24,22,54,56,67,67,67,67,33,5,7,39,37,74,74,74,74,33,23,25,57,55,65,65,65,65,33,16,14,46,48,75,75,75,75,33,15,17,49,47,76,76,76,76,33,8,6,38,40,70,70,70,70,33,26,24,56,58,67,67,67,67,33,7,9,41,39,68,68,68,68,33,25,27,59,57,65,65,65,65,33,18,16,48,50,77,77,77,77,33,17,19,51,49,68,68,68,68,33,10,8,40,42,70,70,70,70,33,28,26,58,60,67,67,67,67,33,2,0,32,34,67,67,67,67,33,9,11,43,41,68,68,68,68,33,27,29,61,59,78,78,78,78,33,20,18,50,52,79,79,79,79],
    "metadata":{
        "normals":80,
        "faces":64,
        "version":3,
        "generator":"io_three",
        "vertices":64,
        "uvs":0,
        "type":"Geometry"
    },
    "vertices":[0,-1,1,0,-1,-1,0.382683,-0.923879,1,0.382683,-0.92388,-1,0.707107,-0.707107,1,0.707107,-0.707107,-1,0.92388,-0.382683,1,0.92388,-0.382683,-1,1,0,1,1,0,-1,0.92388,0.382684,1,0.92388,0.382683,-1,0.707107,0.707107,1,0.707107,0.707107,-1,0.382683,0.92388,1,0.382683,0.923879,-1,0,1,1,0,1,-1,-0.382683,0.92388,1,-0.382683,0.92388,-1,-0.707107,0.707107,1,-0.707107,0.707107,-1,-0.92388,0.382684,1,-0.92388,0.382684,-1,-1,0,1,-1,-0,-1,-0.923879,-0.382684,1,-0.923879,-0.382684,-1,-0.707107,-0.707107,1,-0.707107,-0.707107,-1,-0.382683,-0.92388,1,-0.382683,-0.92388,-1,0,-0.782793,1,0,-0.782793,-1,0.299562,-0.723206,1,0.299562,-0.723207,-1,0.553518,-0.553518,1,0.553518,-0.553518,-1,0.723207,-0.299562,1,0.723207,-0.299562,-1,0.782793,0,1,0.782793,-0,-1,0.723207,0.299562,1,0.723207,0.299562,-1,0.553518,0.553518,1,0.553518,0.553518,-1,0.299562,0.723207,1,0.299562,0.723206,-1,0,0.782793,1,0,0.782793,-1,-0.299562,0.723207,1,-0.299562,0.723207,-1,-0.553518,0.553519,1,-0.553518,0.553518,-1,-0.723206,0.299562,1,-0.723206,0.299562,-1,-0.782793,0,1,-0.782793,-0,-1,-0.723206,-0.299562,1,-0.723206,-0.299562,-1,-0.553518,-0.553518,1,-0.553518,-0.553519,-1,-0.299562,-0.723207,1,-0.299562,-0.723207,-1],
    "uvs":[]
}