{
    "name": "CubeGeometry.1",
    "normals": [0.577349,-0.577349,-0.577349,0.577349,-0.577349,0.577349,-0.577349,-0.577349,0.577349,-0.577349,-0.577349,-0.577349,0.707083,0,-0.707083,0.707083,0,0.707083,-0.707083,0,0.707083,-0.707083,0,-0.707083],
    "metadata": {
        "normals": 8,
        "type": "Geometry",
        "version": 3,
        "faces": 5,
        "uvs": 1,
        "generator": "io_three",
        "vertices": 8
    },
    "faces": [41,0,1,2,3,0,1,2,3,0,1,2,3,41,0,4,5,1,4,5,6,7,0,4,5,1,41,1,5,6,2,4,8,9,10,1,5,6,2,41,2,6,7,3,11,12,13,5,2,6,7,3,41,4,0,3,7,14,15,16,17,4,0,3,7],
    "uvs": [[1,1,0,1,0,0,1,0,1,0,1,1,0,1,0,0,0.999999,1,0,1,0,0,0,1,0,0,1,0,1,0,1,1,0,1,0,0]],
    "vertices": [0.5,-0.5,-0.5,0.5,-0.5,0.5,-0.5,-0.5,0.5,-0.5,-0.5,-0.5,0.5,0.5,-0.5,0.5,0.5,0.5,-0.5,0.5,0.5,-0.5,0.5,-0.5]
}