{
    "name":"ConeGeometry",
    "uvs":[[0.9999,0.9999,0.5,0.5,0.9999,0.0001,0.0001,0.0001,0.0001,0.9999]],
    "normals":[0.942809,0,-0.333333,-0,0.942809,-0.333333,-0.942809,-0,-0.333333,0,-0.942809,-0.333333],
    "faces":[40,0,2,1,0,1,2,0,0,0,40,1,2,3,2,1,3,1,1,1,40,3,2,4,3,1,4,2,2,2,40,4,2,0,4,1,0,3,3,3],
    "vertices":[0.707107,-0.707107,-0,0.707107,0.707107,-0,0,-0,-2,-0.707107,0.707107,-0,-0.707107,-0.707107,-0],
    "metadata":{
        "uvs":1,
        "type":"Geometry",
        "generator":"io_three",
        "normals":4,
        "faces":4,
        "vertices":5,
        "version":3
    }
}