{
    "name":"ConeGeometry.1",
    "uvs":[[0.9999,0.9999,0.9999,0.0001,0.5,0.5,0.0001,0.0001,0.0001,0.9999]],
    "normals":[-0.632435,0.632435,0.447188,-0.632435,-0.632435,0.447188,0,0,1,0.632435,-0.632435,0.447188,0.632435,0.632435,0.447188],
    "faces":[40,0,1,2,0,1,2,0,1,2,40,1,3,2,1,3,2,1,3,2,40,3,4,2,3,4,2,3,4,2,40,4,0,2,4,0,2,4,0,2],
    "vertices":[0.707107,-0.707107,-0,0.707107,0.707107,-0,0,-0,-2,-0.707107,0.707107,-0,-0.707107,-0.707107,-0],
    "metadata":{
        "uvs":1,
        "type":"Geometry",
        "generator":"io_three",
        "normals":5,
        "faces":4,
        "vertices":5,
        "version":3
    }
}