{
    "name": "Cylinder.004Geometry.3",
    "normals": [0,0.660268,0.750999,-0.325846,0.660268,0.676626,-0.325846,-0.660268,0.676626,0,-0.660268,0.750999,-0.587146,0.660268,0.468245,-0.587146,-0.660268,0.468245,-0.73217,0.660268,0.167089,-0.73217,-0.660268,0.167089,-0.73217,0.660268,-0.167089,-0.73217,-0.660268,-0.167089,-0.587146,0.660268,-0.468245,-0.587146,-0.660268,-0.468245,-0.325846,0.660268,-0.676626,-0.325846,-0.660268,-0.676626,0,0.660268,-0.750999,0,-0.660268,-0.750999,0.325846,0.660268,-0.676626,0.325846,-0.660268,-0.676626,0.587146,0.660268,-0.468245,0.587146,-0.660268,-0.468245,0.73217,0.660268,-0.167089,0.73217,-0.660268,-0.167089,0.73217,0.660268,0.167089,0.73217,-0.660268,0.167089,0.587146,0.660268,0.468245,0.587146,-0.660268,0.468245,0.325846,0.660268,0.676626,0.325846,-0.660268,0.676626,0,0.760765,-0.648976,0,-0.760765,-0.648976,0.281564,-0.760765,-0.584704,0.281564,0.760765,-0.584704,0.507401,-0.760765,-0.404614,0.507401,0.760765,-0.404614,0.63271,-0.760765,-0.144414,0.63271,0.760765,-0.144414,0.63271,-0.760765,0.144414,0.63271,0.760765,0.144414,0.507401,-0.760765,0.404614,0.507401,0.760765,0.404614,0.281564,-0.760765,0.584704,0.281564,0.760765,0.584704,0,-0.760765,0.648976,0,0.760765,0.648976,-0.281564,-0.760765,0.584704,-0.281564,0.760765,0.584704,-0.507401,-0.760765,0.404614,-0.507401,0.760765,0.404614,-0.63271,-0.760765,0.144414,-0.63271,0.760765,0.144414,-0.63271,-0.760765,-0.144414,-0.63271,0.760765,-0.144414,-0.507401,-0.760765,-0.404614,-0.507401,0.760765,-0.404645,-0.281564,-0.760765,-0.584704,-0.281564,0.760765,-0.584704],
    "metadata": {
        "normals": 56,
        "type": "Geometry",
        "version": 3,
        "faces": 56,
        "uvs": 1,
        "generator": "io_three",
        "vertices": 56
    },
    "faces": [41,0,2,3,1,0,1,2,3,0,1,2,3,41,2,4,5,3,1,4,5,2,1,4,5,2,41,4,6,7,5,4,6,7,5,4,6,7,5,41,6,8,9,7,6,8,9,7,6,8,9,7,41,8,10,11,9,8,10,11,9,8,10,11,9,41,10,12,13,11,10,12,13,11,10,12,13,11,41,12,14,15,13,12,14,15,13,12,14,15,13,41,14,16,17,15,14,16,17,15,14,16,17,15,41,16,18,19,17,16,18,19,17,16,18,19,17,41,18,20,21,19,18,20,21,19,18,20,21,19,41,20,22,23,21,20,22,23,21,20,22,23,21,41,22,24,25,23,22,24,25,23,22,24,25,23,41,24,26,27,25,24,26,27,25,24,26,27,25,41,26,0,1,27,26,28,29,27,26,0,3,27,41,28,29,31,30,30,31,32,33,28,29,30,31,41,30,31,33,32,33,32,34,35,31,30,32,33,41,32,33,35,34,35,34,36,37,33,32,34,35,41,34,35,37,36,37,36,38,39,35,34,36,37,41,36,37,39,38,39,38,40,41,37,36,38,39,41,38,39,41,40,41,40,42,43,39,38,40,41,41,40,41,43,42,43,42,44,45,41,40,42,43,41,42,43,45,44,45,44,46,47,43,42,44,45,41,44,45,47,46,47,46,48,49,45,44,46,47,41,46,47,49,48,49,48,50,51,47,46,48,49,41,48,49,51,50,51,50,52,53,49,48,50,51,41,50,51,53,52,53,52,54,55,51,50,52,53,41,52,53,55,54,55,54,56,57,53,52,54,55,41,54,55,29,28,57,56,58,59,55,54,29,28,41,5,7,35,33,60,61,62,63,5,7,34,32,41,23,25,53,51,64,65,66,67,23,25,52,50,41,16,14,42,44,68,69,70,71,16,14,43,45,41,15,17,45,43,72,73,74,75,15,17,44,42,41,8,6,34,36,76,77,78,79,8,6,35,37,41,26,24,52,54,80,81,82,83,26,24,53,55,41,7,9,37,35,61,84,85,62,7,9,36,34,41,25,27,55,53,65,86,87,66,25,27,54,52,41,18,16,44,46,88,68,71,89,18,16,45,47,41,17,19,47,45,73,90,91,74,17,19,46,44,41,10,8,36,38,92,76,79,93,10,8,37,39,41,0,26,54,28,94,80,83,95,0,26,55,28,41,2,0,28,30,96,97,98,99,1,0,28,31,41,9,11,39,37,84,100,101,85,9,11,38,36,41,27,1,29,55,86,102,103,87,27,3,29,54,41,20,18,46,48,104,88,89,105,20,18,47,49,41,1,3,31,29,106,107,108,109,3,2,30,29,41,19,21,49,47,90,110,111,91,19,21,48,46,41,12,10,38,40,112,92,93,113,12,10,39,41,41,11,13,41,39,100,114,115,101,11,13,40,38,41,4,2,30,32,116,96,99,117,4,1,31,33,41,22,20,48,50,118,104,105,119,22,20,49,51,41,3,5,33,31,107,60,63,108,2,5,32,30,41,21,23,51,49,110,64,67,111,21,23,50,48,41,14,12,40,42,69,112,113,70,14,12,41,43,41,13,15,43,41,114,72,75,115,13,15,42,40,41,6,4,32,34,77,116,117,78,6,4,33,35,41,24,22,50,52,81,118,119,82,24,22,51,53],
    "uvs": [[-1.5,6e-06,-1.21429,5e-06,-1.21428,0.999999,-1.5,1,-0.928572,5e-06,-0.928568,0.999999,-0.642857,4e-06,-0.642854,0.999998,-0.357143,4e-06,-0.357141,0.999998,-0.071429,3e-06,-0.071426,0.999997,0.214285,3e-06,0.214288,0.999997,0.499999,2e-06,0.500001,0.999996,0.785713,2e-06,0.785716,0.999996,1.07143,2e-06,1.07143,0.999996,1.35714,1e-06,1.35714,0.999996,1.64286,1e-06,1.64286,0.999995,1.92857,1e-06,1.92857,0.999995,2.21428,0,2.21429,0.999995,2.5,0,2.5,0.999995,2.49999,0,2.5,0.999993,2.21428,0.999994,2.21428,1e-06,1.92857,0.999995,1.92856,2e-06,1.64286,0.999996,1.64285,3e-06,1.35714,0.999996,1.35714,4e-06,1.07143,0.999997,1.07142,4e-06,0.785714,0.999997,0.785711,5e-06,0.5,0.999997,0.499997,5e-06,0.214286,0.999998,0.214284,6e-06,-0.071428,0.999998,-0.071429,6e-06,-0.357142,0.999998,-0.357143,6e-06,-0.642856,0.999998,-0.642857,6e-06,-0.92857,0.999998,-0.928571,6e-06,-1.21429,0.999998,-1.21429,6e-06,-1.5,0.999998,-1.5,6e-06,0.852214,0.016773,0.781196,0.016773,0.773227,0.039158,0.843477,0.039158,0.213054,0.016773,0.142036,0.016773,0.140978,0.039158,0.211228,0.039158,0.56884,0.038804,0.499592,0.038804,0.515266,0,0.586753,0,0.497125,0.016773,0.426107,0.016773,0.421978,0.039158,0.492228,0.039158,0.291849,0.038804,0.222601,0.038804,0.229319,0,0.300805,0,0.929633,0.038804,0.845831,0.038804,0.8727,0,0.929633,0,0.710179,0.016773,0.702977,0.039158,0.071018,0.016773,0.070728,0.039158,0.638088,0.038804,0.658239,0,0.355089,0.016773,0.351728,0.039158,0.361097,0.038804,0.372292,0,1,0.038804,1,0,0.084106,0.038804,0,0.038804,0,0,0.086345,0,0.639161,0.016773,0.632727,0.039158,-0,0.016773,-0,0.039158,0.707336,0.038804,0.729726,0,1,0.016773,0.923232,0.016773,0.913727,0.039158,1,0.039158,0.284071,0.016773,0.281478,0.039158,0.430345,0.038804,0.443779,0,0.568143,0.016773,0.562477,0.039158,0.153354,0.038804,0.157832,0,0.776583,0.038804,0.801213,0]],
    "vertices": [0,-0.5,-0.5,0,0.5,-0.5,0.216942,-0.5,-0.450484,0.216942,0.5,-0.450484,0.390916,-0.5,-0.311745,0.390916,0.5,-0.311745,0.487464,-0.5,-0.11126,0.487464,0.5,-0.11126,0.487464,-0.5,0.11126,0.487464,0.5,0.11126,0.390916,-0.5,0.311745,0.390916,0.5,0.311745,0.216942,-0.5,0.450484,0.216942,0.5,0.450484,0,-0.5,0.5,0,0.5,0.5,-0.216942,-0.5,0.450485,-0.216942,0.5,0.450484,-0.390916,-0.5,0.311745,-0.390916,0.5,0.311745,-0.487464,-0.5,0.111261,-0.487464,0.5,0.11126,-0.487464,-0.5,-0.11126,-0.487464,0.5,-0.111261,-0.390916,-0.5,-0.311745,-0.390916,0.5,-0.311745,-0.216942,-0.5,-0.450485,-0.216942,0.5,-0.450485,0,-0.5,-0.454385,0,0.5,-0.454385,0.19715,-0.5,-0.409387,0.19715,0.5,-0.409387,0.355253,-0.5,-0.283305,0.355253,0.5,-0.283305,0.442993,-0.5,-0.10111,0.442993,0.5,-0.10111,0.442993,-0.5,0.10111,0.442993,0.5,0.10111,0.355253,-0.5,0.283305,0.355253,0.5,0.283305,0.19715,-0.5,0.409387,0.19715,0.5,0.409387,0,-0.5,0.454385,0,0.5,0.454385,-0.19715,-0.5,0.409387,-0.19715,0.5,0.409387,-0.355253,-0.5,0.283305,-0.355253,0.5,0.283305,-0.442993,-0.5,0.10111,-0.442993,0.5,0.10111,-0.442993,-0.5,-0.10111,-0.442993,0.5,-0.10111,-0.355253,-0.5,-0.283305,-0.355253,0.5,-0.283305,-0.19715,-0.5,-0.409387,-0.19715,0.5,-0.409387]
}