{
    "name": "Cylinder.004Geometry.3",
    "normals": [0,-0.660268,0.750999,-0.325846,-0.660268,0.676626,-0.325846,0.660268,0.676626,0,0.660268,0.750999,-0.587146,-0.660268,0.468245,-0.587146,0.660268,0.468245,-0.73217,-0.660268,0.167089,-0.73217,0.660268,0.167089,-0.73217,-0.660268,-0.167089,-0.73217,0.660268,-0.167089,-0.587146,-0.660268,-0.468245,-0.587146,0.660268,-0.468245,-0.325846,-0.660268,-0.676626,-0.325846,0.660268,-0.676626,0,-0.660268,-0.750999,0,0.660268,-0.750999,0.325846,-0.660268,-0.676626,0.325846,0.660268,-0.676626,0.587146,-0.660268,-0.468245,0.587146,0.660268,-0.468245,0.73217,-0.660268,-0.167089,0.73217,0.660268,-0.167089,0.73217,-0.660268,0.167089,0.73217,0.660268,0.167089,0.587146,-0.660268,0.468245,0.587146,0.660268,0.468245,0.325846,-0.660268,0.676626,0.325846,0.660268,0.676626,0,-0.760765,-0.648976,0,0.760765,-0.648976,0.281564,0.760765,-0.584704,0.281564,-0.760765,-0.584704,0.507401,0.760765,-0.404614,0.507401,-0.760765,-0.404614,0.63271,0.760765,-0.144414,0.63271,-0.760765,-0.144414,0.63271,0.760765,0.144414,0.63271,-0.760765,0.144414,0.507401,0.760765,0.404614,0.507401,-0.760765,0.404614,0.281564,0.760765,0.584704,0.281564,-0.760765,0.584704,0,0.760765,0.648976,0,-0.760765,0.648976,-0.281564,0.760765,0.584704,-0.281564,-0.760765,0.584704,-0.507401,0.760765,0.404614,-0.507401,-0.760765,0.404614,-0.63271,0.760765,0.144414,-0.63271,-0.760765,0.144414,-0.63271,0.760765,-0.144414,-0.63271,-0.760765,-0.144414,-0.507401,0.760765,-0.404645,-0.507401,-0.760765,-0.404614,-0.281564,0.760765,-0.584704,-0.281564,-0.760765,-0.584704],
    "metadata": {
        "normals": 56,
        "type": "Geometry",
        "version": 3,
        "faces": 56,
        "uvs": 1,
        "generator": "io_three",
        "vertices": 56
    },
    "faces": [41,0,2,3,1,0,1,2,3,0,1,2,3,41,2,4,5,3,1,4,5,2,1,4,5,2,41,4,6,7,5,4,6,7,5,4,6,7,5,41,6,8,9,7,6,8,9,7,6,8,9,7,41,8,10,11,9,8,10,11,9,8,10,11,9,41,10,12,13,11,10,12,13,11,10,12,13,11,41,12,14,15,13,12,14,15,13,12,14,15,13,41,14,16,17,15,14,16,17,15,14,16,17,15,41,16,18,19,17,16,18,19,17,16,18,19,17,41,18,20,21,19,18,20,21,19,18,20,21,19,41,20,22,23,21,20,22,23,21,20,22,23,21,41,22,24,25,23,22,24,25,23,22,24,25,23,41,24,26,27,25,24,26,27,25,24,26,27,25,41,26,0,1,27,26,28,29,27,26,0,3,27,41,28,29,31,30,30,31,32,33,28,29,30,31,41,30,31,33,32,33,32,34,35,31,30,32,33,41,32,33,35,34,35,34,36,37,33,32,34,35,41,34,35,37,36,37,36,38,39,35,34,36,37,41,36,37,39,38,39,38,40,41,37,36,38,39,41,38,39,41,40,41,40,42,43,39,38,40,41,41,40,41,43,42,43,42,44,45,41,40,42,43,41,42,43,45,44,45,44,46,47,43,42,44,45,41,44,45,47,46,47,46,48,49,45,44,46,47,41,46,47,49,48,49,48,50,51,47,46,48,49,41,48,49,51,50,51,50,52,53,49,48,50,51,41,50,51,53,52,53,52,54,55,51,50,52,53,41,52,53,55,54,55,54,56,57,53,52,54,55,41,54,55,29,28,57,56,58,59,55,54,29,28,41,5,33,35,7,60,61,62,63,5,32,34,7,41,23,51,53,25,64,65,66,67,23,50,52,25,41,16,44,42,14,68,69,70,71,16,45,43,14,41,15,43,45,17,72,73,74,75,15,42,44,17,41,8,36,34,6,76,77,78,79,8,37,35,6,41,26,54,52,24,80,81,82,83,26,55,53,24,41,7,35,37,9,63,62,84,85,7,34,36,9,41,25,53,55,27,67,66,86,87,25,52,54,27,41,18,46,44,16,88,89,69,68,18,47,45,16,41,17,45,47,19,75,74,90,91,17,44,46,19,41,10,38,36,8,92,93,77,76,10,39,37,8,41,0,28,54,26,94,95,81,80,0,28,55,26,41,28,0,2,30,98,99,96,97,28,0,1,31,41,9,37,39,11,85,84,100,101,9,36,38,11,41,27,55,29,1,87,86,102,103,27,54,29,3,41,20,48,46,18,104,105,89,88,20,49,47,18,41,1,29,31,3,106,107,108,109,3,29,30,2,41,19,47,49,21,91,90,110,111,19,46,48,21,41,12,40,38,10,112,113,93,92,12,41,39,10,41,11,39,41,13,101,100,114,115,11,38,40,13,41,4,32,30,2,116,117,97,96,4,33,31,1,41,22,50,48,20,118,119,105,104,22,51,49,20,41,3,31,33,5,109,108,61,60,2,30,32,5,41,21,49,51,23,111,110,65,64,21,48,50,23,41,14,42,40,12,71,70,113,112,14,43,41,12,41,13,41,43,15,115,114,73,72,13,40,42,15,41,6,34,32,4,79,78,117,116,6,35,33,4,41,24,52,50,22,83,82,119,118,24,53,51,22],
    "uvs": [[-1.5,6e-06,-1.21429,5e-06,-1.21428,0.999999,-1.5,1,-0.928572,5e-06,-0.928568,0.999999,-0.642857,4e-06,-0.642854,0.999998,-0.357143,4e-06,-0.357141,0.999998,-0.071429,3e-06,-0.071426,0.999997,0.214285,3e-06,0.214288,0.999997,0.499999,2e-06,0.500001,0.999996,0.785713,2e-06,0.785716,0.999996,1.07143,2e-06,1.07143,0.999996,1.35714,1e-06,1.35714,0.999996,1.64286,1e-06,1.64286,0.999995,1.92857,1e-06,1.92857,0.999995,2.21428,0,2.21429,0.999995,2.5,0,2.5,0.999995,2.49999,0,2.5,0.999993,2.21428,0.999994,2.21428,1e-06,1.92857,0.999995,1.92856,2e-06,1.64286,0.999996,1.64285,3e-06,1.35714,0.999996,1.35714,4e-06,1.07143,0.999997,1.07142,4e-06,0.785714,0.999997,0.785711,5e-06,0.5,0.999997,0.499997,5e-06,0.214286,0.999998,0.214284,6e-06,-0.071428,0.999998,-0.071429,6e-06,-0.357142,0.999998,-0.357143,6e-06,-0.642856,0.999998,-0.642857,6e-06,-0.92857,0.999998,-0.928571,6e-06,-1.21429,0.999998,-1.21429,6e-06,-1.5,0.999998,-1.5,6e-06,0.852214,0.016773,0.843477,0.039158,0.773227,0.039158,0.781196,0.016773,0.213054,0.016773,0.211228,0.039158,0.140978,0.039158,0.142036,0.016773,0.56884,0.038804,0.586753,0,0.515266,0,0.499592,0.038804,0.497125,0.016773,0.492228,0.039158,0.421978,0.039158,0.426107,0.016773,0.291849,0.038804,0.300805,0,0.229319,0,0.222601,0.038804,0.929633,0.038804,0.929633,0,0.8727,0,0.845831,0.038804,0.702977,0.039158,0.710179,0.016773,0.070728,0.039158,0.071018,0.016773,0.638088,0.038804,0.658239,0,0.351728,0.039158,0.355089,0.016773,0.361097,0.038804,0.372292,0,1,0.038804,1,0,0.084106,0.038804,0.086345,0,0,0,0,0.038804,0.632727,0.039158,0.639161,0.016773,-0,0.039158,-0,0.016773,0.707336,0.038804,0.729726,0,1,0.016773,1,0.039158,0.913727,0.039158,0.923232,0.016773,0.281478,0.039158,0.284071,0.016773,0.430345,0.038804,0.443779,0,0.562477,0.039158,0.568143,0.016773,0.153354,0.038804,0.157832,0,0.776583,0.038804,0.801213,0]],
    "vertices": [0,-0.5,-0.5,0,0.5,-0.5,0.216942,-0.5,-0.450484,0.216942,0.5,-0.450484,0.390916,-0.5,-0.311745,0.390916,0.5,-0.311745,0.487464,-0.5,-0.11126,0.487464,0.5,-0.11126,0.487464,-0.5,0.11126,0.487464,0.5,0.11126,0.390916,-0.5,0.311745,0.390916,0.5,0.311745,0.216942,-0.5,0.450484,0.216942,0.5,0.450484,0,-0.5,0.5,0,0.5,0.5,-0.216942,-0.5,0.450485,-0.216942,0.5,0.450484,-0.390916,-0.5,0.311745,-0.390916,0.5,0.311745,-0.487464,-0.5,0.111261,-0.487464,0.5,0.11126,-0.487464,-0.5,-0.11126,-0.487464,0.5,-0.111261,-0.390916,-0.5,-0.311745,-0.390916,0.5,-0.311745,-0.216942,-0.5,-0.450485,-0.216942,0.5,-0.450485,0,-0.5,-0.454385,0,0.5,-0.454385,0.19715,-0.5,-0.409387,0.19715,0.5,-0.409387,0.355253,-0.5,-0.283305,0.355253,0.5,-0.283305,0.442993,-0.5,-0.10111,0.442993,0.5,-0.10111,0.442993,-0.5,0.10111,0.442993,0.5,0.10111,0.355253,-0.5,0.283305,0.355253,0.5,0.283305,0.19715,-0.5,0.409387,0.19715,0.5,0.409387,0,-0.5,0.454385,0,0.5,0.454385,-0.19715,-0.5,0.409387,-0.19715,0.5,0.409387,-0.355253,-0.5,0.283305,-0.355253,0.5,0.283305,-0.442993,-0.5,0.10111,-0.442993,0.5,0.10111,-0.442993,-0.5,-0.10111,-0.442993,0.5,-0.10111,-0.355253,-0.5,-0.283305,-0.355253,0.5,-0.283305,-0.19715,-0.5,-0.409387,-0.19715,0.5,-0.409387]
}